[ {
  "@id" : "_:genid1",
  "@type" : [ "http://www.w3.org/2002/07/owl#Class" ],
  "http://www.w3.org/2002/07/owl#unionOf" : [ {
    "@list" : [ {
      "@id" : "http://example.org/stelldj#ModeloVendido"
    }, {
      "@id" : "http://example.org/stelldj#SeguroDeCoche"
    } ]
  } ]
}, {
  "@id" : "_:genid10",
  "@type" : [ "http://www.w3.org/2002/07/owl#Class" ],
  "http://www.w3.org/2002/07/owl#unionOf" : [ {
    "@list" : [ {
      "@id" : "http://example.org/stelldj#ECO"
    }, {
      "@id" : "http://example.org/stelldj#0"
    } ]
  } ]
}, {
  "@id" : "_:genid13",
  "@type" : [ "http://www.w3.org/2002/07/owl#Class" ],
  "http://www.w3.org/2002/07/owl#unionOf" : [ {
    "@list" : [ {
      "@id" : "http://example.org/stelldj#Comprador"
    }, {
      "@id" : "http://example.org/stelldj#Concesionario"
    } ]
  } ]
}, {
  "@id" : "_:genid16",
  "@type" : [ "http://www.w3.org/2002/07/owl#Class" ],
  "http://www.w3.org/2002/07/owl#unionOf" : [ {
    "@list" : [ {
      "@id" : "http://example.org/stelldj#MarcaInferior"
    }, {
      "@id" : "http://example.org/stelldj#MarcaSuperior"
    }, {
      "@id" : "http://example.org/stelldj#ModeloVendido"
    } ]
  } ]
}, {
  "@id" : "_:genid20",
  "@type" : [ "http://www.w3.org/2002/07/owl#Class" ],
  "http://www.w3.org/2002/07/owl#unionOf" : [ {
    "@list" : [ {
      "@id" : "http://example.org/stelldj#MarcaInferior"
    }, {
      "@id" : "http://example.org/stelldj#MarcaSuperior"
    }, {
      "@id" : "http://example.org/stelldj#ModeloVendido"
    } ]
  } ]
}, {
  "@id" : "_:genid24",
  "@type" : [ "http://www.w3.org/2002/07/owl#Class" ],
  "http://www.w3.org/2002/07/owl#unionOf" : [ {
    "@list" : [ {
      "@id" : "http://example.org/stelldj#MotorHibrido"
    }, {
      "@id" : "http://example.org/stelldj#MotorTermico"
    } ]
  } ]
}, {
  "@id" : "_:genid27",
  "@type" : [ "http://www.w3.org/2002/07/owl#Class" ],
  "http://www.w3.org/2002/07/owl#unionOf" : [ {
    "@list" : [ {
      "@id" : "http://example.org/stelldj#MotorElectrico"
    }, {
      "@id" : "http://example.org/stelldj#MotorHibrido"
    } ]
  } ]
}, {
  "@id" : "_:genid30",
  "@type" : [ "http://www.w3.org/2002/07/owl#Class" ],
  "http://www.w3.org/2002/07/owl#unionOf" : [ {
    "@list" : [ {
      "@id" : "http://example.org/stelldj#ModeloVendido"
    }, {
      "@id" : "http://example.org/stelldj#Rueda"
    } ]
  } ]
}, {
  "@id" : "_:genid33",
  "@type" : [ "http://www.w3.org/2002/07/owl#Class" ],
  "http://www.w3.org/2002/07/owl#unionOf" : [ {
    "@list" : [ {
      "@id" : "http://example.org/stelldj#ModeloVendido"
    }, {
      "@id" : "http://example.org/stelldj#Rueda"
    } ]
  } ]
}, {
  "@id" : "_:genid36",
  "@type" : [ "http://www.w3.org/2002/07/owl#Class" ],
  "http://www.w3.org/2002/07/owl#unionOf" : [ {
    "@list" : [ {
      "@id" : "http://example.org/stelldj#ModeloVendido"
    }, {
      "@id" : "http://example.org/stelldj#Rueda"
    } ]
  } ]
}, {
  "@id" : "_:genid39",
  "@type" : [ "http://www.w3.org/2002/07/owl#Class" ],
  "http://www.w3.org/2002/07/owl#unionOf" : [ {
    "@list" : [ {
      "@id" : "http://example.org/stelldj#DispositivoAmbiental"
    }, {
      "@id" : "http://example.org/stelldj#MarcaInferior"
    }, {
      "@id" : "http://example.org/stelldj#MarcaSuperior"
    } ]
  } ]
}, {
  "@id" : "_:genid4",
  "@type" : [ "http://www.w3.org/2002/07/owl#Class" ],
  "http://www.w3.org/2002/07/owl#unionOf" : [ {
    "@list" : [ {
      "@id" : "http://purl.org/holy/ns#FossilFuel"
    }, {
      "@id" : "https://w3id.org/timebank#Electricity"
    } ]
  } ]
}, {
  "@id" : "_:genid43",
  "@type" : [ "http://www.w3.org/2002/07/owl#Restriction" ],
  "http://www.w3.org/2002/07/owl#cardinality" : [ {
    "@type" : "http://www.w3.org/2001/XMLSchema#nonNegativeInteger",
    "@value" : "1"
  } ],
  "http://www.w3.org/2002/07/owl#onProperty" : [ {
    "@id" : "http://example.org/stelldj#Marchas"
  } ]
}, {
  "@id" : "_:genid44",
  "@type" : [ "http://www.w3.org/2002/07/owl#Restriction" ],
  "http://www.w3.org/2002/07/owl#allValuesFrom" : [ {
    "@id" : "http://example.org/stelldj#ModeloVendido"
  } ],
  "http://www.w3.org/2002/07/owl#onProperty" : [ {
    "@id" : "http://dbpedia.org/ontology/owns"
  } ]
}, {
  "@id" : "_:genid45",
  "@type" : [ "http://www.w3.org/2002/07/owl#Restriction" ],
  "http://www.w3.org/2002/07/owl#allValuesFrom" : [ {
    "@id" : "http://example.org/stelldj#SeguroDeCoche"
  } ],
  "http://www.w3.org/2002/07/owl#onProperty" : [ {
    "@id" : "http://dbpedia.org/ontology/owns"
  } ]
}, {
  "@id" : "_:genid46",
  "@type" : [ "http://www.w3.org/2002/07/owl#Restriction" ],
  "http://www.w3.org/2002/07/owl#allValuesFrom" : [ {
    "@id" : "http://example.org/stelldj#TelephoneNumber"
  } ],
  "http://www.w3.org/2002/07/owl#onProperty" : [ {
    "@id" : "http://example.org/stelldj#TieneNumero"
  } ]
}, {
  "@id" : "_:genid47",
  "@type" : [ "http://www.w3.org/2002/07/owl#Restriction" ],
  "http://www.w3.org/2002/07/owl#cardinality" : [ {
    "@type" : "http://www.w3.org/2001/XMLSchema#nonNegativeInteger",
    "@value" : "1"
  } ],
  "http://www.w3.org/2002/07/owl#onProperty" : [ {
    "@id" : "http://example.org/stelldj#hasName"
  } ]
}, {
  "@id" : "_:genid48",
  "@type" : [ "http://www.w3.org/2002/07/owl#Restriction" ],
  "http://www.w3.org/2002/07/owl#allValuesFrom" : [ {
    "@id" : "http://example.org/stelldj#ModeloVendido"
  } ],
  "http://www.w3.org/2002/07/owl#onProperty" : [ {
    "@id" : "http://example.org/stelldj#RealizoVenta"
  } ]
}, {
  "@id" : "_:genid49",
  "@type" : [ "http://www.w3.org/2002/07/owl#Restriction" ],
  "http://www.w3.org/2002/07/owl#allValuesFrom" : [ {
    "@id" : "http://example.org/stelldj#TelephoneNumber"
  } ],
  "http://www.w3.org/2002/07/owl#onProperty" : [ {
    "@id" : "http://example.org/stelldj#TieneNumero"
  } ]
}, {
  "@id" : "_:genid50",
  "@type" : [ "http://www.w3.org/2002/07/owl#Restriction" ],
  "http://www.w3.org/2002/07/owl#allValuesFrom" : [ {
    "@id" : "http://dbpedia.org/ontology/City"
  } ],
  "http://www.w3.org/2002/07/owl#onProperty" : [ {
    "@id" : "http://www.owl-ontologies.com/dco#isLocatedAt"
  } ]
}, {
  "@id" : "_:genid51",
  "@type" : [ "http://www.w3.org/2002/07/owl#Restriction" ],
  "http://www.w3.org/2002/07/owl#minCardinality" : [ {
    "@type" : "http://www.w3.org/2001/XMLSchema#nonNegativeInteger",
    "@value" : "1"
  } ],
  "http://www.w3.org/2002/07/owl#onProperty" : [ {
    "@id" : "http://example.org/stelldj#RealizoVenta"
  } ]
}, {
  "@id" : "_:genid52",
  "@type" : [ "http://www.w3.org/2002/07/owl#Restriction" ],
  "http://www.w3.org/2002/07/owl#cardinality" : [ {
    "@type" : "http://www.w3.org/2001/XMLSchema#nonNegativeInteger",
    "@value" : "1"
  } ],
  "http://www.w3.org/2002/07/owl#onProperty" : [ {
    "@id" : "http://example.org/stelldj#EmisionesWLTP"
  } ]
}, {
  "@id" : "_:genid53",
  "@type" : [ "http://www.w3.org/2002/07/owl#Restriction" ],
  "http://www.w3.org/2002/07/owl#cardinality" : [ {
    "@type" : "http://www.w3.org/2001/XMLSchema#nonNegativeInteger",
    "@value" : "1"
  } ],
  "http://www.w3.org/2002/07/owl#onProperty" : [ {
    "@id" : "http://example.org/stelldj#TienePaginaWeb"
  } ]
}, {
  "@id" : "_:genid54",
  "@type" : [ "http://www.w3.org/2002/07/owl#Restriction" ],
  "http://www.w3.org/2002/07/owl#onProperty" : [ {
    "@id" : "http://example.org/stelldj#PermiteAparcarGratis"
  } ],
  "http://www.w3.org/2002/07/owl#someValuesFrom" : [ {
    "@id" : "http://dbpedia.org/ontology/CapitalOfRegion"
  } ]
}, {
  "@id" : "_:genid55",
  "@type" : [ "http://www.w3.org/2002/07/owl#Restriction" ],
  "http://www.w3.org/2002/07/owl#allValuesFrom" : [ {
    "@id" : "http://example.org/stelldj#MarcaSuperior"
  } ],
  "http://www.w3.org/2002/07/owl#onProperty" : [ {
    "@id" : "https://w3id.org/EUTaxO#belongsTo"
  } ]
}, {
  "@id" : "_:genid56",
  "@type" : [ "http://www.w3.org/2002/07/owl#Restriction" ],
  "http://www.w3.org/2002/07/owl#cardinality" : [ {
    "@type" : "http://www.w3.org/2001/XMLSchema#nonNegativeInteger",
    "@value" : "1"
  } ],
  "http://www.w3.org/2002/07/owl#onProperty" : [ {
    "@id" : "http://example.org/stelldj#TienePaginaWeb"
  } ]
}, {
  "@id" : "_:genid57",
  "@type" : [ "http://www.w3.org/2002/07/owl#Restriction" ],
  "http://www.w3.org/2002/07/owl#cardinality" : [ {
    "@type" : "http://www.w3.org/2001/XMLSchema#nonNegativeInteger",
    "@value" : "1"
  } ],
  "http://www.w3.org/2002/07/owl#onProperty" : [ {
    "@id" : "http://example.org/stelldj#TienePaginaWeb"
  } ]
}, {
  "@id" : "_:genid58",
  "@type" : [ "http://www.w3.org/2002/07/owl#Restriction" ],
  "http://www.w3.org/2002/07/owl#allValuesFrom" : [ {
    "@id" : "http://example.org/stelldj#CajaDeCambios"
  } ],
  "http://www.w3.org/2002/07/owl#onProperty" : [ {
    "@id" : "http://example.org/stelldj#TieneCambio"
  } ]
}, {
  "@id" : "_:genid59",
  "@type" : [ "http://www.w3.org/2002/07/owl#Restriction" ],
  "http://www.w3.org/2002/07/owl#allValuesFrom" : [ {
    "@id" : "http://example.org/stelldj#DispositivoAmbiental"
  } ],
  "http://www.w3.org/2002/07/owl#onProperty" : [ {
    "@id" : "http://example.org/stelldj#TieneDA"
  } ]
}, {
  "@id" : "_:genid60",
  "@type" : [ "http://www.w3.org/2002/07/owl#Restriction" ],
  "http://www.w3.org/2002/07/owl#allValuesFrom" : [ {
    "@id" : "http://example.org/stelldj#MotorDeCoche"
  } ],
  "http://www.w3.org/2002/07/owl#onProperty" : [ {
    "@id" : "http://example.org/stelldj#TieneMotor"
  } ]
}, {
  "@id" : "_:genid61",
  "@type" : [ "http://www.w3.org/2002/07/owl#Restriction" ],
  "http://www.w3.org/2002/07/owl#allValuesFrom" : [ {
    "@id" : "http://example.org/stelldj#Rueda"
  } ],
  "http://www.w3.org/2002/07/owl#onProperty" : [ {
    "@id" : "http://example.org/stelldj#TieneRuedas"
  } ]
}, {
  "@id" : "_:genid62",
  "@type" : [ "http://www.w3.org/2002/07/owl#Restriction" ],
  "http://www.w3.org/2002/07/owl#allValuesFrom" : [ {
    "@id" : "http://example.org/stelldj#Traccion"
  } ],
  "http://www.w3.org/2002/07/owl#onProperty" : [ {
    "@id" : "http://example.org/stelldj#TieneTraccion"
  } ]
}, {
  "@id" : "_:genid63",
  "@type" : [ "http://www.w3.org/2002/07/owl#Restriction" ],
  "http://www.w3.org/2002/07/owl#allValuesFrom" : [ {
    "@id" : "http://example.org/stelldj#MarcaInferior"
  } ],
  "http://www.w3.org/2002/07/owl#onProperty" : [ {
    "@id" : "https://w3id.org/EUTaxO#belongsTo"
  } ]
}, {
  "@id" : "_:genid64",
  "@type" : [ "http://www.w3.org/2002/07/owl#Restriction" ],
  "http://www.w3.org/2002/07/owl#cardinality" : [ {
    "@type" : "http://www.w3.org/2001/XMLSchema#nonNegativeInteger",
    "@value" : "1"
  } ],
  "http://www.w3.org/2002/07/owl#onProperty" : [ {
    "@id" : "http://example.org/stelldj#Acelera0a100"
  } ]
}, {
  "@id" : "_:genid65",
  "@type" : [ "http://www.w3.org/2002/07/owl#Restriction" ],
  "http://www.w3.org/2002/07/owl#cardinality" : [ {
    "@type" : "http://www.w3.org/2001/XMLSchema#nonNegativeInteger",
    "@value" : "1"
  } ],
  "http://www.w3.org/2002/07/owl#onProperty" : [ {
    "@id" : "http://example.org/stelldj#CombustibleCada100"
  } ]
}, {
  "@id" : "_:genid66",
  "@type" : [ "http://www.w3.org/2002/07/owl#Restriction" ],
  "http://www.w3.org/2002/07/owl#cardinality" : [ {
    "@type" : "http://www.w3.org/2001/XMLSchema#nonNegativeInteger",
    "@value" : "1"
  } ],
  "http://www.w3.org/2002/07/owl#onProperty" : [ {
    "@id" : "http://example.org/stelldj#PerteneceAGama"
  } ]
}, {
  "@id" : "_:genid67",
  "@type" : [ "http://www.w3.org/2002/07/owl#Restriction" ],
  "http://www.w3.org/2002/07/owl#cardinality" : [ {
    "@type" : "http://www.w3.org/2001/XMLSchema#nonNegativeInteger",
    "@value" : "1"
  } ],
  "http://www.w3.org/2002/07/owl#onProperty" : [ {
    "@id" : "http://example.org/stelldj#PerteneceASegmento"
  } ]
}, {
  "@id" : "_:genid68",
  "@type" : [ "http://www.w3.org/2002/07/owl#Restriction" ],
  "http://www.w3.org/2002/07/owl#cardinality" : [ {
    "@type" : "http://www.w3.org/2001/XMLSchema#nonNegativeInteger",
    "@value" : "1"
  } ],
  "http://www.w3.org/2002/07/owl#onProperty" : [ {
    "@id" : "http://example.org/stelldj#TieneAltura"
  } ]
}, {
  "@id" : "_:genid69",
  "@type" : [ "http://www.w3.org/2002/07/owl#Restriction" ],
  "http://www.w3.org/2002/07/owl#cardinality" : [ {
    "@type" : "http://www.w3.org/2001/XMLSchema#nonNegativeInteger",
    "@value" : "1"
  } ],
  "http://www.w3.org/2002/07/owl#onProperty" : [ {
    "@id" : "http://example.org/stelldj#TieneAnchura"
  } ]
}, {
  "@id" : "_:genid7",
  "@type" : [ "http://www.w3.org/2002/07/owl#Class" ],
  "http://www.w3.org/2002/07/owl#unionOf" : [ {
    "@list" : [ {
      "@id" : "http://example.org/stelldj#ModeloVendido"
    }, {
      "@id" : "http://example.org/stelldj#SeguroDeCoche"
    } ]
  } ]
}, {
  "@id" : "_:genid70",
  "@type" : [ "http://www.w3.org/2002/07/owl#Restriction" ],
  "http://www.w3.org/2002/07/owl#cardinality" : [ {
    "@type" : "http://www.w3.org/2001/XMLSchema#nonNegativeInteger",
    "@value" : "1"
  } ],
  "http://www.w3.org/2002/07/owl#onProperty" : [ {
    "@id" : "http://example.org/stelldj#TieneAutonomiaTotal"
  } ]
}, {
  "@id" : "_:genid71",
  "@type" : [ "http://www.w3.org/2002/07/owl#Restriction" ],
  "http://www.w3.org/2002/07/owl#cardinality" : [ {
    "@type" : "http://www.w3.org/2001/XMLSchema#nonNegativeInteger",
    "@value" : "1"
  } ],
  "http://www.w3.org/2002/07/owl#onProperty" : [ {
    "@id" : "http://example.org/stelldj#TieneCapacidadMaletero"
  } ]
}, {
  "@id" : "_:genid72",
  "@type" : [ "http://www.w3.org/2002/07/owl#Restriction" ],
  "http://www.w3.org/2002/07/owl#cardinality" : [ {
    "@type" : "http://www.w3.org/2001/XMLSchema#nonNegativeInteger",
    "@value" : "1"
  } ],
  "http://www.w3.org/2002/07/owl#onProperty" : [ {
    "@id" : "http://example.org/stelldj#TieneLongitud"
  } ]
}, {
  "@id" : "_:genid73",
  "@type" : [ "http://www.w3.org/2002/07/owl#Restriction" ],
  "http://www.w3.org/2002/07/owl#cardinality" : [ {
    "@type" : "http://www.w3.org/2001/XMLSchema#nonNegativeInteger",
    "@value" : "1"
  } ],
  "http://www.w3.org/2002/07/owl#onProperty" : [ {
    "@id" : "http://example.org/stelldj#TienePlazas"
  } ]
}, {
  "@id" : "_:genid74",
  "@type" : [ "http://www.w3.org/2002/07/owl#Restriction" ],
  "http://www.w3.org/2002/07/owl#cardinality" : [ {
    "@type" : "http://www.w3.org/2001/XMLSchema#nonNegativeInteger",
    "@value" : "1"
  } ],
  "http://www.w3.org/2002/07/owl#onProperty" : [ {
    "@id" : "http://example.org/stelldj#TieneVelocidadMaxima"
  } ]
}, {
  "@id" : "_:genid75",
  "@type" : [ "http://www.w3.org/2002/07/owl#Restriction" ],
  "http://www.w3.org/2002/07/owl#cardinality" : [ {
    "@type" : "http://www.w3.org/2001/XMLSchema#nonNegativeInteger",
    "@value" : "1"
  } ],
  "http://www.w3.org/2002/07/owl#onProperty" : [ {
    "@id" : "http://www.owl-ontologies.com/s4envi#hasColor"
  } ]
}, {
  "@id" : "_:genid76",
  "@type" : [ "http://www.w3.org/2002/07/owl#Restriction" ],
  "http://www.w3.org/2002/07/owl#cardinality" : [ {
    "@type" : "http://www.w3.org/2001/XMLSchema#nonNegativeInteger",
    "@value" : "1"
  } ],
  "http://www.w3.org/2002/07/owl#onProperty" : [ {
    "@id" : "http://example.org/stelldj#TieneCV"
  } ]
}, {
  "@id" : "_:genid77",
  "@type" : [ "http://www.w3.org/2002/07/owl#Restriction" ],
  "http://www.w3.org/2002/07/owl#cardinality" : [ {
    "@type" : "http://www.w3.org/2001/XMLSchema#nonNegativeInteger",
    "@value" : "1"
  } ],
  "http://www.w3.org/2002/07/owl#onProperty" : [ {
    "@id" : "http://example.org/stelldj#TieneKV"
  } ]
}, {
  "@id" : "_:genid78",
  "@type" : [ "http://www.w3.org/2002/07/owl#Restriction" ],
  "http://www.w3.org/2002/07/owl#cardinality" : [ {
    "@type" : "http://www.w3.org/2001/XMLSchema#nonNegativeInteger",
    "@value" : "1"
  } ],
  "http://www.w3.org/2002/07/owl#onProperty" : [ {
    "@id" : "http://example.org/stelldj#TieneParMaximo"
  } ]
}, {
  "@id" : "_:genid79",
  "@type" : [ "http://www.w3.org/2002/07/owl#Restriction" ],
  "http://www.w3.org/2002/07/owl#cardinality" : [ {
    "@type" : "http://www.w3.org/2001/XMLSchema#nonNegativeInteger",
    "@value" : "1"
  } ],
  "http://www.w3.org/2002/07/owl#onProperty" : [ {
    "@id" : "http://example.org/stelldj#RecargaElectrica"
  } ]
}, {
  "@id" : "_:genid80",
  "@type" : [ "http://www.w3.org/2002/07/owl#Class" ],
  "http://www.w3.org/2002/07/owl#intersectionOf" : [ {
    "@list" : [ {
      "@id" : "http://example.org/stelldj#MotorElectrico"
    }, {
      "@id" : "http://example.org/stelldj#MotorTermico"
    } ]
  } ]
}, {
  "@id" : "_:genid83",
  "@type" : [ "http://www.w3.org/2002/07/owl#Restriction" ],
  "http://www.w3.org/2002/07/owl#cardinality" : [ {
    "@type" : "http://www.w3.org/2001/XMLSchema#nonNegativeInteger",
    "@value" : "1"
  } ],
  "http://www.w3.org/2002/07/owl#onProperty" : [ {
    "@id" : "http://example.org/stelldj#Cilindrada"
  } ]
}, {
  "@id" : "_:genid84",
  "@type" : [ "http://www.w3.org/2002/07/owl#Restriction" ],
  "http://www.w3.org/2002/07/owl#cardinality" : [ {
    "@type" : "http://www.w3.org/2001/XMLSchema#nonNegativeInteger",
    "@value" : "1"
  } ],
  "http://www.w3.org/2002/07/owl#onProperty" : [ {
    "@id" : "http://example.org/stelldj#RecargaElectrica"
  } ]
}, {
  "@id" : "_:genid85",
  "@type" : [ "http://www.w3.org/2002/07/owl#Restriction" ],
  "http://www.w3.org/2002/07/owl#cardinality" : [ {
    "@type" : "http://www.w3.org/2001/XMLSchema#nonNegativeInteger",
    "@value" : "1"
  } ],
  "http://www.w3.org/2002/07/owl#onProperty" : [ {
    "@id" : "http://example.org/stelldj#Cilindrada"
  } ]
}, {
  "@id" : "_:genid86",
  "@type" : [ "http://www.w3.org/2002/07/owl#Restriction" ],
  "http://www.w3.org/2002/07/owl#cardinality" : [ {
    "@type" : "http://www.w3.org/2001/XMLSchema#nonNegativeInteger",
    "@value" : "1"
  } ],
  "http://www.w3.org/2002/07/owl#onProperty" : [ {
    "@id" : "http://example.org/stelldj#TieneAltura"
  } ]
}, {
  "@id" : "_:genid87",
  "@type" : [ "http://www.w3.org/2002/07/owl#Restriction" ],
  "http://www.w3.org/2002/07/owl#cardinality" : [ {
    "@type" : "http://www.w3.org/2001/XMLSchema#nonNegativeInteger",
    "@value" : "1"
  } ],
  "http://www.w3.org/2002/07/owl#onProperty" : [ {
    "@id" : "http://example.org/stelldj#TieneAnchura"
  } ]
}, {
  "@id" : "_:genid88",
  "@type" : [ "http://www.w3.org/2002/07/owl#Restriction" ],
  "http://www.w3.org/2002/07/owl#cardinality" : [ {
    "@type" : "http://www.w3.org/2001/XMLSchema#nonNegativeInteger",
    "@value" : "1"
  } ],
  "http://www.w3.org/2002/07/owl#onProperty" : [ {
    "@id" : "http://example.org/stelldj#TieneLongitud"
  } ]
}, {
  "@id" : "_:genid89",
  "@type" : [ "http://www.w3.org/2002/07/owl#Restriction" ],
  "http://www.w3.org/2002/07/owl#allValuesFrom" : [ {
    "@id" : "http://example.org/stelldj#ModeloVendido"
  } ],
  "http://www.w3.org/2002/07/owl#onProperty" : [ {
    "@id" : "http://example.org/stelldj#Asegura"
  } ]
}, {
  "@id" : "_:genid90",
  "@type" : [ "http://www.w3.org/2002/07/owl#Restriction" ],
  "http://www.w3.org/2002/07/owl#cardinality" : [ {
    "@type" : "http://www.w3.org/2001/XMLSchema#nonNegativeInteger",
    "@value" : "1"
  } ],
  "http://www.w3.org/2002/07/owl#onProperty" : [ {
    "@id" : "http://schema.org/price"
  } ]
}, {
  "@id" : "_:genid91",
  "@type" : [ "http://www.w3.org/2002/07/owl#Restriction" ],
  "http://www.w3.org/2002/07/owl#cardinality" : [ {
    "@type" : "http://www.w3.org/2001/XMLSchema#nonNegativeInteger",
    "@value" : "1"
  } ],
  "http://www.w3.org/2002/07/owl#onProperty" : [ {
    "@id" : "http://www.owl-ontologies.com/saref#hasValue"
  } ]
}, {
  "@id" : "_:genid92",
  "@type" : [ "http://www.w3.org/2002/07/owl#Restriction" ],
  "http://www.w3.org/2002/07/owl#onProperty" : [ {
    "@id" : "http://example.org/stelldj#PermiteAparcarGratis"
  } ],
  "http://www.w3.org/2002/07/owl#someValuesFrom" : [ {
    "@id" : "http://dbpedia.org/ontology/CapitalOfRegion"
  } ]
}, {
  "@id" : "http://dbpedia.org/ontology/CapitalOfRegion",
  "@type" : [ "http://www.w3.org/2002/07/owl#Class" ],
  "http://www.w3.org/2000/01/rdf-schema#comment" : [ {
    "@language" : "es",
    "@value" : "La mayoría de comunidades autónomas tienen una capital establecida, siendo esta la ciudad con mas densidad poblacional"
  } ],
  "http://www.w3.org/2000/01/rdf-schema#isDefinedBy" : [ {
    "@id" : "http://dbpedia.org/ontology/"
  } ],
  "http://www.w3.org/2000/01/rdf-schema#label" : [ {
    "@language" : "en",
    "@value" : "Capital Of Region"
  }, {
    "@language" : "es",
    "@value" : "Capital de Región"
  } ],
  "http://www.w3.org/2000/01/rdf-schema#subClassOf" : [ {
    "@id" : "http://dbpedia.org/ontology/City"
  } ]
}, {
  "@id" : "http://dbpedia.org/ontology/City",
  "@type" : [ "http://www.w3.org/2002/07/owl#Class" ],
  "http://www.w3.org/2000/01/rdf-schema#comment" : [ {
    "@language" : "es",
    "@value" : "Una ciudad es un asentamiento de población humana con atribuciones y funciones políticas, administrativas, económicas y religiosas, a diferencia de los núcleos rurales que carecen de ellas, total o parcialmente. Esto tiene su reflejo material en la presencia de edificios específicos y en su configuración urbanística.1"
  } ],
  "http://www.w3.org/2000/01/rdf-schema#isDefinedBy" : [ {
    "@id" : "http://dbpedia.org/ontology/"
  } ],
  "http://www.w3.org/2000/01/rdf-schema#label" : [ {
    "@language" : "en",
    "@value" : "City"
  }, {
    "@language" : "es",
    "@value" : "Ciudad"
  } ]
}, {
  "@id" : "http://dbpedia.org/ontology/owns",
  "@type" : [ "http://www.w3.org/2002/07/owl#ObjectProperty" ],
  "http://www.w3.org/2000/01/rdf-schema#domain" : [ {
    "@id" : "http://example.org/stelldj#Comprador"
  } ],
  "http://www.w3.org/2000/01/rdf-schema#isDefinedBy" : [ {
    "@id" : "http://dbpedia.org/ontology/"
  } ],
  "http://www.w3.org/2000/01/rdf-schema#label" : [ {
    "@language" : "es",
    "@value" : "Posee"
  }, {
    "@language" : "en",
    "@value" : "owns"
  } ],
  "http://www.w3.org/2000/01/rdf-schema#range" : [ {
    "@id" : "_:genid1"
  } ],
  "http://www.w3.org/2002/07/owl#inverseOf" : [ {
    "@id" : "http://example.org/stelldj#IsOwnedBy"
  } ]
}, {
  "@id" : "http://example.org/stelldj#",
  "@type" : [ "http://www.w3.org/2002/07/owl#Ontology" ],
  "http://purl.org/dc/elements/1.1/creator" : [ {
    "@value" : "Juan Murillo"
  } ],
  "http://purl.org/dc/elements/1.1/title" : [ {
    "@value" : "StellDJ"
  } ],
  "http://purl.org/dc/terms/license" : [ {
    "@value" : "http://purl.org/NET/rdflicense/cc-by-nc-sa4.0"
  } ],
  "http://www.w3.org/2002/07/owl#versionInfo" : [ {
    "@value" : "0.0.1"
  } ],
  "https://w3id.org/mod#createdWith" : [ {
    "@id" : "https://chowlk.linkeddata.es/"
  } ]
}, {
  "@id" : "http://example.org/stelldj#0",
  "@type" : [ "http://www.w3.org/2002/07/owl#Class" ],
  "http://www.w3.org/2000/01/rdf-schema#comment" : [ {
    "@language" : "es",
    "@value" : "Etiqueta 0 emisiones: Identifica a los vehículos más eficientes. Tendrán derecho a esta etiqueta eléctricos de batería (BEV) , eléctricos de autonomía extendida (REEV), eléctricos híbridos enchufables (PHEV) con una autonomía de 40 km o vehículos de pila de combustible."
  } ],
  "http://www.w3.org/2000/01/rdf-schema#label" : [ {
    "@language" : "es",
    "@value" : "0"
  } ],
  "http://www.w3.org/2000/01/rdf-schema#subClassOf" : [ {
    "@id" : "http://example.org/stelldj#DispositivoAmbiental"
  }, {
    "@id" : "_:genid92"
  } ]
}, {
  "@id" : "http://example.org/stelldj#68941029385",
  "@type" : [ "http://www.w3.org/2002/07/owl#NamedIndividual", "http://example.org/stelldj#TelephoneNumber" ]
}, {
  "@id" : "http://example.org/stelldj#789000938",
  "@type" : [ "http://www.w3.org/2002/07/owl#NamedIndividual", "http://example.org/stelldj#TelephoneNumber" ]
}, {
  "@id" : "http://example.org/stelldj#Acelera0a100",
  "@type" : [ "http://www.w3.org/2002/07/owl#DatatypeProperty" ],
  "http://www.w3.org/2000/01/rdf-schema#comment" : [ {
    "@language" : "es",
    "@value" : "Tiempo que tarda un coche en pasar de 0 a 100 Km/h"
  } ],
  "http://www.w3.org/2000/01/rdf-schema#domain" : [ {
    "@id" : "http://example.org/stelldj#ModeloVendido"
  } ],
  "http://www.w3.org/2000/01/rdf-schema#label" : [ {
    "@language" : "es",
    "@value" : "Aceleración de 0 a 100 Km/h"
  } ],
  "http://www.w3.org/2000/01/rdf-schema#range" : [ {
    "@id" : "http://www.w3.org/2001/XMLSchema#float"
  } ]
}, {
  "@id" : "http://example.org/stelldj#Asegura",
  "@type" : [ "http://www.w3.org/2002/07/owl#ObjectProperty" ],
  "http://www.w3.org/2000/01/rdf-schema#comment" : [ {
    "@language" : "es",
    "@value" : "Concierta una póliza de seguros con una entidad aseguradora para prevenir las consecuencias económicas desfavorables de un riesgo"
  } ],
  "http://www.w3.org/2000/01/rdf-schema#domain" : [ {
    "@id" : "http://example.org/stelldj#SeguroDeCoche"
  } ],
  "http://www.w3.org/2000/01/rdf-schema#label" : [ {
    "@language" : "es",
    "@value" : "asegura"
  } ],
  "http://www.w3.org/2000/01/rdf-schema#range" : [ {
    "@id" : "http://example.org/stelldj#ModeloVendido"
  } ]
}, {
  "@id" : "http://example.org/stelldj#C",
  "@type" : [ "http://www.w3.org/2002/07/owl#Class" ],
  "http://www.w3.org/2000/01/rdf-schema#comment" : [ {
    "@language" : "es",
    "@value" : "Etiqueta C: Vehículos de combustión interna que cumplen con las últimas emisiones EURO. Tendrán derecho a esta etiqueta turismos y furgonetas ligeras de gasolina matriculadas a partir de enero de 2006 y diésel a partir de septiembre de 2015. Vehículos de más de 8 plazas, excluido el conductor, y pesados tanto de gasolina como diésel, matriculados desde 2014."
  } ],
  "http://www.w3.org/2000/01/rdf-schema#label" : [ {
    "@language" : "es",
    "@value" : "C"
  } ],
  "http://www.w3.org/2000/01/rdf-schema#subClassOf" : [ {
    "@id" : "http://example.org/stelldj#DispositivoAmbiental"
  } ],
  "http://www.w3.org/2002/07/owl#disjointWith" : [ {
    "@id" : "http://example.org/stelldj#ECO"
  }, {
    "@id" : "http://example.org/stelldj#0"
  } ]
}, {
  "@id" : "http://example.org/stelldj#CajaDeCambios",
  "@type" : [ "http://www.w3.org/2002/07/owl#Class" ],
  "http://www.w3.org/2000/01/rdf-schema#comment" : [ {
    "@language" : "es",
    "@value" : "En los vehículos, la caja de cambios o caja de velocidades (también llamada simplemente caja) es el elemento encargado de obtener en las ruedas el par motor, suficiente para poner en movimiento el vehículo parado, y una vez en marcha obtener un par suficiente en ellas para vencer las resistencias al avance, fundamentalmente las derivadas del perfil aerodinámico, de rozamiento con la rodadura y de pendiente en ascenso."
  } ],
  "http://www.w3.org/2000/01/rdf-schema#label" : [ {
    "@language" : "es",
    "@value" : "Caja De Cambios"
  } ],
  "http://www.w3.org/2000/01/rdf-schema#subClassOf" : [ {
    "@id" : "_:genid43"
  } ]
}, {
  "@id" : "http://example.org/stelldj#CambioAutomatico",
  "@type" : [ "http://www.w3.org/2002/07/owl#Class" ],
  "http://www.w3.org/2000/01/rdf-schema#comment" : [ {
    "@language" : "es",
    "@value" : "Una transmisión automática o caja automática es una caja de cambios de automóviles u otro tipo de vehículos que puede encargarse por sí misma de cambiar la relación de cambio automáticamente a medida que el vehículo se mueve, liberando así al conductor de la tarea de cambiar de marcha manualmente."
  } ],
  "http://www.w3.org/2000/01/rdf-schema#label" : [ {
    "@language" : "es",
    "@value" : "Cambio Automatico"
  } ],
  "http://www.w3.org/2000/01/rdf-schema#subClassOf" : [ {
    "@id" : "http://example.org/stelldj#CajaDeCambios"
  } ],
  "http://www.w3.org/2002/07/owl#disjointWith" : [ {
    "@id" : "http://example.org/stelldj#CambioManual"
  } ]
}, {
  "@id" : "http://example.org/stelldj#CambioManual",
  "@type" : [ "http://www.w3.org/2002/07/owl#Class" ],
  "http://www.w3.org/2000/01/rdf-schema#comment" : [ {
    "@language" : "es",
    "@value" : "Una transmisión manual o mecánica1​ es una caja de cambios que no puede alterar la relación de cambio por sí sola, requiriendo la intervención del conductor para hacer esto. Por lo tanto, se diferencia de una transmisión automática en que esta última sí puede cambiar de marcha de forma autónoma."
  } ],
  "http://www.w3.org/2000/01/rdf-schema#label" : [ {
    "@language" : "es",
    "@value" : "Cambio Manual"
  } ],
  "http://www.w3.org/2000/01/rdf-schema#subClassOf" : [ {
    "@id" : "http://example.org/stelldj#CajaDeCambios"
  } ]
}, {
  "@id" : "http://example.org/stelldj#Cilindrada",
  "@type" : [ "http://www.w3.org/2002/07/owl#DatatypeProperty" ],
  "http://www.w3.org/2000/01/rdf-schema#comment" : [ {
    "@language" : "es",
    "@value" : "La cilindrada de un carro, también conocida como desplazamiento del motor, es el volumen combinado de barrido de los pistones dentro de los cilindros de un motor, y se expresa en litros o centímetros cúbicos (c.c. o cm^3)."
  } ],
  "http://www.w3.org/2000/01/rdf-schema#domain" : [ {
    "@id" : "_:genid24"
  } ],
  "http://www.w3.org/2000/01/rdf-schema#label" : [ {
    "@language" : "es",
    "@value" : "Cilindrada"
  } ],
  "http://www.w3.org/2000/01/rdf-schema#range" : [ {
    "@id" : "http://www.w3.org/2001/XMLSchema#integer"
  } ]
}, {
  "@id" : "http://example.org/stelldj#CombustibleCada100",
  "@type" : [ "http://www.w3.org/2002/07/owl#DatatypeProperty" ],
  "http://www.w3.org/2000/01/rdf-schema#comment" : [ {
    "@language" : "es",
    "@value" : "Combustible consumido por el vehículo en 100 Km"
  } ],
  "http://www.w3.org/2000/01/rdf-schema#domain" : [ {
    "@id" : "http://example.org/stelldj#ModeloVendido"
  } ],
  "http://www.w3.org/2000/01/rdf-schema#label" : [ {
    "@language" : "es",
    "@value" : "Combustible consumido cada 100 Km"
  } ],
  "http://www.w3.org/2000/01/rdf-schema#range" : [ {
    "@id" : "http://www.w3.org/2001/XMLSchema#float"
  } ]
}, {
  "@id" : "http://example.org/stelldj#Comprador",
  "@type" : [ "http://www.w3.org/2002/07/owl#Class" ],
  "http://www.w3.org/2000/01/rdf-schema#comment" : [ {
    "@language" : "es",
    "@value" : "Persona que compra un coche."
  } ],
  "http://www.w3.org/2000/01/rdf-schema#label" : [ {
    "@language" : "es",
    "@value" : "Comprador"
  } ],
  "http://www.w3.org/2000/01/rdf-schema#subClassOf" : [ {
    "@id" : "http://xmlns.com/foaf/0.1/Person"
  }, {
    "@id" : "_:genid44"
  }, {
    "@id" : "_:genid45"
  }, {
    "@id" : "_:genid46"
  }, {
    "@id" : "_:genid47"
  } ]
}, {
  "@id" : "http://example.org/stelldj#Concesionario",
  "@type" : [ "http://www.w3.org/2002/07/owl#Class" ],
  "http://www.w3.org/2000/01/rdf-schema#comment" : [ {
    "@language" : "es",
    "@value" : "Un concesionario o concesionaria es un comercio minorista que vende automóviles nuevos o de segunda mano. En la mayoría de los casos, los concesionarios son empresas independientes, autorizadas por las marcas fabricantes a vender sus vehículos por medio de un contrato de concesión. Para operar, los concesionarios emplean vendedores especializados y disponen de un salón de ventas para exhibir sus productos al público. Muchos desarrollan también actividades periféricas a la venta de autos, como revisión y mantenimiento mecánico, venta de repuestos, ejecución de garantías y gestiones de matrícula."
  } ],
  "http://www.w3.org/2000/01/rdf-schema#label" : [ {
    "@language" : "es",
    "@value" : "Concesionario"
  } ],
  "http://www.w3.org/2000/01/rdf-schema#subClassOf" : [ {
    "@id" : "_:genid48"
  }, {
    "@id" : "_:genid49"
  }, {
    "@id" : "_:genid50"
  }, {
    "@id" : "_:genid51"
  } ]
}, {
  "@id" : "http://example.org/stelldj#Concesionario_Mostoles",
  "@type" : [ "http://www.w3.org/2002/07/owl#NamedIndividual", "http://example.org/stelldj#Concesionario" ],
  "http://example.org/stelldj#TieneNumero" : [ {
    "@id" : "http://example.org/stelldj#68941029385"
  } ]
}, {
  "@id" : "http://example.org/stelldj#Concesionario_Parla",
  "@type" : [ "http://www.w3.org/2002/07/owl#NamedIndividual", "http://example.org/stelldj#Concesionario" ],
  "http://example.org/stelldj#TieneNumero" : [ {
    "@id" : "http://example.org/stelldj#789000938"
  } ]
}, {
  "@id" : "http://example.org/stelldj#ConsumeCombustible",
  "@type" : [ "http://www.w3.org/2002/07/owl#ObjectProperty" ],
  "http://www.w3.org/2000/01/rdf-schema#comment" : [ {
    "@language" : "es",
    "@value" : "Combustible utilizado para hacer funcionar un vehículo"
  } ],
  "http://www.w3.org/2000/01/rdf-schema#domain" : [ {
    "@id" : "http://example.org/stelldj#MotorDeCoche"
  } ],
  "http://www.w3.org/2000/01/rdf-schema#label" : [ {
    "@language" : "es",
    "@value" : "consume combustible"
  } ],
  "http://www.w3.org/2000/01/rdf-schema#range" : [ {
    "@id" : "_:genid4"
  } ]
}, {
  "@id" : "http://example.org/stelldj#Diesel",
  "@type" : [ "http://www.w3.org/2002/07/owl#Class" ],
  "http://www.w3.org/2000/01/rdf-schema#comment" : [ {
    "@language" : "es",
    "@value" : "El diésel (también conocido como gasóleo, gasoil, dísel o ACPM, siglas de «Aceite Combustible Para Motores») es un hidrocarburo líquido de densidad sobre 850 kg (1874 libras)/m³ o 0.85 g/cm³ a 15 °C (59 °F), compuesto fundamentalmente por parafinas y utilizado principalmente como combustible en calefacción y en motores diésel.4​5​ Su poder calorífico inferior es de 35,86 MJ (10,0 kWh)/L o 43,1 MJ (12,0 kWh)/kg,​ que depende de su composición."
  } ],
  "http://www.w3.org/2000/01/rdf-schema#label" : [ {
    "@language" : "es",
    "@value" : "Diésel"
  }, {
    "@language" : "es",
    "@value" : "Gasóleo"
  } ],
  "http://www.w3.org/2000/01/rdf-schema#subClassOf" : [ {
    "@id" : "http://purl.org/holy/ns#FossilFuel"
  } ]
}, {
  "@id" : "http://example.org/stelldj#DispositivoAmbiental",
  "@type" : [ "http://www.w3.org/2002/07/owl#Class" ],
  "http://www.w3.org/2000/01/rdf-schema#comment" : [ {
    "@language" : "es",
    "@value" : "El distintivo o dispositivo ambiental es una manera de clasificar los vehículos en función de su eficiencia energética, teniendo en cuenta el impacto medioambiental de los mismos."
  } ],
  "http://www.w3.org/2000/01/rdf-schema#label" : [ {
    "@language" : "es",
    "@value" : "Dispositivo Ambiental"
  } ],
  "http://www.w3.org/2000/01/rdf-schema#subClassOf" : [ {
    "@id" : "_:genid52"
  }, {
    "@id" : "_:genid53"
  } ]
}, {
  "@id" : "http://example.org/stelldj#ECO",
  "@type" : [ "http://www.w3.org/2002/07/owl#Class" ],
  "http://www.w3.org/2000/01/rdf-schema#comment" : [ {
    "@language" : "es",
    "@value" : "Etiqueta Eco: Los siguientes en el escalón de eficiencia, se trata en su mayoría de vehículos híbridos, gas o ambos. Tendrán derecho a esta etiqueta eléctricos enchufables con autonomía inferior a 40 km, híbridos no enchufables (HEV), vehículos propulsados por gas natural y gas (GNC y GNL) o gas licuado del petróleo (GLP). Deben cumplir los criterios de la etiqueta C."
  } ],
  "http://www.w3.org/2000/01/rdf-schema#label" : [ {
    "@language" : "es",
    "@value" : "E C O"
  } ],
  "http://www.w3.org/2000/01/rdf-schema#subClassOf" : [ {
    "@id" : "http://example.org/stelldj#DispositivoAmbiental"
  }, {
    "@id" : "_:genid54"
  } ],
  "http://www.w3.org/2002/07/owl#disjointWith" : [ {
    "@id" : "http://example.org/stelldj#0"
  } ]
}, {
  "@id" : "http://example.org/stelldj#EmisionesWLTP",
  "@type" : [ "http://www.w3.org/2002/07/owl#DatatypeProperty" ],
  "http://www.w3.org/2000/01/rdf-schema#comment" : [ {
    "@language" : "es",
    "@value" : "Emisiones emitidas por un coche de acuerdo con WLTP"
  } ],
  "http://www.w3.org/2000/01/rdf-schema#domain" : [ {
    "@id" : "http://example.org/stelldj#DispositivoAmbiental"
  } ],
  "http://www.w3.org/2000/01/rdf-schema#label" : [ {
    "@language" : "es",
    "@value" : "Emisiones WLTP"
  } ],
  "http://www.w3.org/2000/01/rdf-schema#range" : [ {
    "@id" : "http://www.w3.org/2001/XMLSchema#integer"
  } ]
}, {
  "@id" : "http://example.org/stelldj#FechaDeVenta",
  "@type" : [ "http://www.w3.org/2002/07/owl#DatatypeProperty" ],
  "http://www.w3.org/2000/01/rdf-schema#comment" : [ {
    "@language" : "es",
    "@value" : "Fecha en la que se realizó la venta del vehículo"
  } ],
  "http://www.w3.org/2000/01/rdf-schema#domain" : [ {
    "@id" : "http://example.org/stelldj#Concesionario"
  } ],
  "http://www.w3.org/2000/01/rdf-schema#label" : [ {
    "@language" : "es",
    "@value" : "Fecha de venta"
  } ],
  "http://www.w3.org/2000/01/rdf-schema#range" : [ {
    "@id" : "http://www.w3.org/2001/XMLSchema#dateTime"
  } ]
}, {
  "@id" : "http://example.org/stelldj#Francisco",
  "@type" : [ "http://www.w3.org/2002/07/owl#NamedIndividual", "http://example.org/stelldj#Comprador" ],
  "http://dbpedia.org/ontology/owns" : [ {
    "@id" : "http://example.org/stelldj#Peugeot208"
  } ]
}, {
  "@id" : "http://example.org/stelldj#Gasolina",
  "@type" : [ "http://www.w3.org/2002/07/owl#Class" ],
  "http://www.w3.org/2000/01/rdf-schema#comment" : [ {
    "@language" : "es",
    "@value" : "La gasolina1 (también conocida como gasoleno; nafta en Argentina, Paraguay, Uruguay; bencina en Chile; o gasolín) es un producto, derivado del petróleo por destilación, que se utiliza principalmente como combustible en la mayoría de motores de combustión interna de encendido por chispa, así como en estufas y lámparas y para limpieza con disolventes, entre otras aplicaciones."
  } ],
  "http://www.w3.org/2000/01/rdf-schema#label" : [ {
    "@language" : "es",
    "@value" : "Gasolina"
  } ],
  "http://www.w3.org/2000/01/rdf-schema#subClassOf" : [ {
    "@id" : "http://purl.org/holy/ns#FossilFuel"
  } ]
}, {
  "@id" : "http://example.org/stelldj#IsOwnedBy",
  "@type" : [ "http://www.w3.org/2002/07/owl#ObjectProperty" ],
  "http://www.w3.org/2000/01/rdf-schema#comment" : [ {
    "@language" : "es",
    "@value" : "Relación de pertenencia que tiene un objeto con una persona o lugar"
  } ],
  "http://www.w3.org/2000/01/rdf-schema#domain" : [ {
    "@id" : "_:genid7"
  } ],
  "http://www.w3.org/2000/01/rdf-schema#label" : [ {
    "@language" : "es",
    "@value" : "Es propiedad de"
  }, {
    "@language" : "en",
    "@value" : "Is owned by"
  } ],
  "http://www.w3.org/2000/01/rdf-schema#range" : [ {
    "@id" : "http://example.org/stelldj#Comprador"
  } ]
}, {
  "@id" : "http://example.org/stelldj#MarcaInferior",
  "@type" : [ "http://www.w3.org/2002/07/owl#Class" ],
  "http://www.w3.org/2000/01/rdf-schema#comment" : [ {
    "@language" : "es",
    "@value" : "Una marca de coche se refiere al fabricante o compañía que fabrica el vehículo, mientras que el modelo representa la versión o diseño específico. Por ejemplo PEUGOT o OPEL."
  } ],
  "http://www.w3.org/2000/01/rdf-schema#label" : [ {
    "@language" : "es",
    "@value" : "Marca Inferior"
  } ],
  "http://www.w3.org/2000/01/rdf-schema#subClassOf" : [ {
    "@id" : "_:genid55"
  }, {
    "@id" : "_:genid56"
  } ]
}, {
  "@id" : "http://example.org/stelldj#MarcaSuperior",
  "@type" : [ "http://www.w3.org/2002/07/owl#Class" ],
  "http://www.w3.org/2000/01/rdf-schema#comment" : [ {
    "@language" : "es",
    "@value" : "Una marca superior se refiere al grupo que contiene al fabricante o compañía que fabrica el vehículo. Por ejemplo PSA o FCA."
  } ],
  "http://www.w3.org/2000/01/rdf-schema#label" : [ {
    "@language" : "es",
    "@value" : "Marca Superior"
  } ],
  "http://www.w3.org/2000/01/rdf-schema#subClassOf" : [ {
    "@id" : "_:genid57"
  } ]
}, {
  "@id" : "http://example.org/stelldj#Marchas",
  "@type" : [ "http://www.w3.org/2002/07/owl#DatatypeProperty" ],
  "http://www.w3.org/2000/01/rdf-schema#comment" : [ {
    "@language" : "es",
    "@value" : "Número de marchas del coche."
  } ],
  "http://www.w3.org/2000/01/rdf-schema#domain" : [ {
    "@id" : "http://example.org/stelldj#CajaDeCambios"
  } ],
  "http://www.w3.org/2000/01/rdf-schema#label" : [ {
    "@language" : "es",
    "@value" : "Marchas"
  } ],
  "http://www.w3.org/2000/01/rdf-schema#range" : [ {
    "@id" : "http://www.w3.org/2001/XMLSchema#integer"
  } ]
}, {
  "@id" : "http://example.org/stelldj#ModeloVendido",
  "@type" : [ "http://www.w3.org/2002/07/owl#Class" ],
  "http://www.w3.org/2000/01/rdf-schema#comment" : [ {
    "@language" : "es",
    "@value" : "Un Modelo Vendido se refiere a un vehículo automotor que ha sido comercializado y transferido por una entidad concesionaria, actuando como intermediaria, a un cliente final que lo adquiere para uso personal o privado. Este concepto implica la existencia de una transacción formal, incluyendo un contrato de compraventa, y la entrega del coche al comprador, quien se convierte en su propietario registrado."
  } ],
  "http://www.w3.org/2000/01/rdf-schema#label" : [ {
    "@language" : "es",
    "@value" : "Modelo Vendido"
  } ],
  "http://www.w3.org/2000/01/rdf-schema#subClassOf" : [ {
    "@id" : "http://purl.org/holy/ns#Car"
  }, {
    "@id" : "_:genid58"
  }, {
    "@id" : "_:genid59"
  }, {
    "@id" : "_:genid60"
  }, {
    "@id" : "_:genid61"
  }, {
    "@id" : "_:genid62"
  }, {
    "@id" : "_:genid63"
  }, {
    "@id" : "_:genid64"
  }, {
    "@id" : "_:genid65"
  }, {
    "@id" : "_:genid66"
  }, {
    "@id" : "_:genid67"
  }, {
    "@id" : "_:genid68"
  }, {
    "@id" : "_:genid69"
  }, {
    "@id" : "_:genid70"
  }, {
    "@id" : "_:genid71"
  }, {
    "@id" : "_:genid72"
  }, {
    "@id" : "_:genid73"
  }, {
    "@id" : "_:genid74"
  }, {
    "@id" : "_:genid75"
  } ],
  "http://www.w3.org/2002/07/owl#disjointWith" : [ {
    "@id" : "http://example.org/stelldj#SeguroDeCoche"
  } ]
}, {
  "@id" : "http://example.org/stelldj#MotorDeCoche",
  "@type" : [ "http://www.w3.org/2002/07/owl#Class" ],
  "http://www.w3.org/2000/01/rdf-schema#comment" : [ {
    "@language" : "es",
    "@value" : "El motor de coche transforma la energía de combustión interna, la eléctrica o la combinación de ambas en energía que permite generar un continuo impulso mecánico cuya fuerza hace girar las ruedas para que el coche pueda desplazarse."
  } ],
  "http://www.w3.org/2000/01/rdf-schema#label" : [ {
    "@language" : "es",
    "@value" : "Motor De Coche"
  } ],
  "http://www.w3.org/2000/01/rdf-schema#subClassOf" : [ {
    "@id" : "https://saref.etsi.org/saref4bldg/Engine"
  }, {
    "@id" : "_:genid76"
  }, {
    "@id" : "_:genid77"
  }, {
    "@id" : "_:genid78"
  } ]
}, {
  "@id" : "http://example.org/stelldj#MotorElectrico",
  "@type" : [ "http://www.w3.org/2002/07/owl#Class" ],
  "http://www.w3.org/2000/01/rdf-schema#comment" : [ {
    "@language" : "es",
    "@value" : "Los motores eléctricos usan corriente alterna (AC) o corriente continua (DC) para activar los campos magnéticos del estátor y rotor, produciendo el movimiento de giro del eje del rotor para transmitir el movimiento mecánico y potencia al eje de tracción delantero y trasero."
  } ],
  "http://www.w3.org/2000/01/rdf-schema#label" : [ {
    "@language" : "es",
    "@value" : "Motor Electrico"
  } ],
  "http://www.w3.org/2000/01/rdf-schema#subClassOf" : [ {
    "@id" : "http://example.org/stelldj#MotorDeCoche"
  }, {
    "@id" : "_:genid79"
  } ]
}, {
  "@id" : "http://example.org/stelldj#MotorHibrido",
  "@type" : [ "http://www.w3.org/2002/07/owl#Class" ],
  "http://www.w3.org/2000/01/rdf-schema#comment" : [ {
    "@language" : "es",
    "@value" : "Un automóvil con motor híbrido es un tipo de vehículo caracterizado por tener dos juegos de motores diferentes pero complementarios: un motor de combustión interna con un depósito de combustible, más uno o varios motores eléctricos con batería. A lo que hay que sumar, por supuesto, las centralitas necesarias para pasar de un modo de conducción a otro o, incluso, usar ambas motorizaciones en paralelo."
  } ],
  "http://www.w3.org/2000/01/rdf-schema#label" : [ {
    "@language" : "es",
    "@value" : "Motor Híbrido"
  } ],
  "http://www.w3.org/2000/01/rdf-schema#subClassOf" : [ {
    "@id" : "http://example.org/stelldj#MotorDeCoche"
  }, {
    "@id" : "_:genid83"
  }, {
    "@id" : "_:genid84"
  } ],
  "http://www.w3.org/2002/07/owl#equivalentClass" : [ {
    "@id" : "_:genid80"
  } ]
}, {
  "@id" : "http://example.org/stelldj#MotorTermico",
  "@type" : [ "http://www.w3.org/2002/07/owl#Class" ],
  "http://www.w3.org/2000/01/rdf-schema#comment" : [ {
    "@language" : "es",
    "@value" : "Un motor térmico es un tipo de propulsor que convierte la energía térmica liberada por la combustión en energía mecánica. Estos motores utilizan la combustión de un combustible, como gasolina, diésel o gas natural, para generar calor y producir movimiento. Existen diferentes tipos de motores térmicos, incluidos los de combustión interna y los motores de combustión externa."
  } ],
  "http://www.w3.org/2000/01/rdf-schema#label" : [ {
    "@language" : "es",
    "@value" : "Motor Térmico"
  } ],
  "http://www.w3.org/2000/01/rdf-schema#subClassOf" : [ {
    "@id" : "http://example.org/stelldj#MotorDeCoche"
  }, {
    "@id" : "_:genid85"
  } ]
}, {
  "@id" : "http://example.org/stelldj#PermiteAparcarGratis",
  "@type" : [ "http://www.w3.org/2002/07/owl#ObjectProperty" ],
  "http://www.w3.org/2000/01/rdf-schema#comment" : [ {
    "@language" : "es",
    "@value" : "Relación entre el vehículo y el lugar donde puede aparcar sin coste adicional"
  } ],
  "http://www.w3.org/2000/01/rdf-schema#domain" : [ {
    "@id" : "_:genid10"
  } ],
  "http://www.w3.org/2000/01/rdf-schema#label" : [ {
    "@language" : "es",
    "@value" : "permite aparcar gratis"
  } ],
  "http://www.w3.org/2000/01/rdf-schema#range" : [ {
    "@id" : "http://dbpedia.org/ontology/CapitalOfRegion"
  } ]
}, {
  "@id" : "http://example.org/stelldj#PerteneceAGama",
  "@type" : [ "http://www.w3.org/2002/07/owl#DatatypeProperty" ],
  "http://www.w3.org/2000/01/rdf-schema#comment" : [ {
    "@language" : "es",
    "@value" : "Gama en la que se sitúa un coche debido a su precio de venta al público"
  } ],
  "http://www.w3.org/2000/01/rdf-schema#domain" : [ {
    "@id" : "http://example.org/stelldj#ModeloVendido"
  } ],
  "http://www.w3.org/2000/01/rdf-schema#label" : [ {
    "@language" : "es",
    "@value" : "Pertenece a gama"
  } ],
  "http://www.w3.org/2000/01/rdf-schema#range" : [ {
    "@id" : "http://www.w3.org/2001/XMLSchema#string"
  } ]
}, {
  "@id" : "http://example.org/stelldj#PerteneceASegmento",
  "@type" : [ "http://www.w3.org/2002/07/owl#DatatypeProperty" ],
  "http://www.w3.org/2000/01/rdf-schema#comment" : [ {
    "@language" : "es",
    "@value" : "Los segmentos de coches son clasificaciones utilizadas por la industria automovilística para agrupar vehículos según características como tamaño, capacidad, precio y tipo de motor."
  } ],
  "http://www.w3.org/2000/01/rdf-schema#domain" : [ {
    "@id" : "http://example.org/stelldj#ModeloVendido"
  } ],
  "http://www.w3.org/2000/01/rdf-schema#label" : [ {
    "@language" : "es",
    "@value" : "Pertenece a segmento"
  } ],
  "http://www.w3.org/2000/01/rdf-schema#range" : [ {
    "@id" : "http://www.w3.org/2001/XMLSchema#string"
  } ]
}, {
  "@id" : "http://example.org/stelldj#Peugeot208",
  "@type" : [ "http://www.w3.org/2002/07/owl#NamedIndividual", "http://example.org/stelldj#ModeloVendido" ],
  "http://example.org/stelldj#IsOwnedBy" : [ {
    "@id" : "http://example.org/stelldj#Francisco"
  } ]
}, {
  "@id" : "http://example.org/stelldj#RealizoVenta",
  "@type" : [ "http://www.w3.org/2002/07/owl#ObjectProperty" ],
  "http://www.w3.org/2000/01/rdf-schema#comment" : [ {
    "@language" : "es",
    "@value" : "Relación entre persona o entidad y el objeto que fue vendido"
  } ],
  "http://www.w3.org/2000/01/rdf-schema#domain" : [ {
    "@id" : "http://example.org/stelldj#Concesionario"
  } ],
  "http://www.w3.org/2000/01/rdf-schema#label" : [ {
    "@language" : "es",
    "@value" : "Realizó venta"
  } ],
  "http://www.w3.org/2000/01/rdf-schema#range" : [ {
    "@id" : "http://example.org/stelldj#ModeloVendido"
  } ]
}, {
  "@id" : "http://example.org/stelldj#RecargaElectrica",
  "@type" : [ "http://www.w3.org/2002/07/owl#DatatypeProperty" ],
  "http://www.w3.org/2000/01/rdf-schema#comment" : [ {
    "@language" : "es",
    "@value" : "Cantidad de carga que pasa por la sección transversal de un conductor eléctrico en un segundo, cuando la corriente eléctrica es de un amperio."
  } ],
  "http://www.w3.org/2000/01/rdf-schema#domain" : [ {
    "@id" : "_:genid27"
  } ],
  "http://www.w3.org/2000/01/rdf-schema#label" : [ {
    "@language" : "es",
    "@value" : "recarga electrica"
  } ],
  "http://www.w3.org/2000/01/rdf-schema#range" : [ {
    "@id" : "http://www.w3.org/2001/XMLSchema#float"
  } ]
}, {
  "@id" : "http://example.org/stelldj#Rueda",
  "@type" : [ "http://www.w3.org/2002/07/owl#Class" ],
  "http://www.w3.org/2000/01/rdf-schema#comment" : [ {
    "@language" : "es",
    "@value" : "La rueda es una pieza circular que es fundamental en diferentes aspectos de la vida humana, especialmente en la ducha de los vehículos automóviles. Esencialmente, la rueda es un dispositivo que facilita el movimiento al reducir la fricción entre un cuerpo y la superficie sobre la que se sitúa."
  } ],
  "http://www.w3.org/2000/01/rdf-schema#label" : [ {
    "@language" : "es",
    "@value" : "Rueda"
  } ],
  "http://www.w3.org/2000/01/rdf-schema#subClassOf" : [ {
    "@id" : "_:genid86"
  }, {
    "@id" : "_:genid87"
  }, {
    "@id" : "_:genid88"
  } ]
}, {
  "@id" : "http://example.org/stelldj#SeguroDeCoche",
  "@type" : [ "http://www.w3.org/2002/07/owl#Class" ],
  "http://www.w3.org/2000/01/rdf-schema#comment" : [ {
    "@language" : "es",
    "@value" : "El seguro de coche ayuda a pagar por los daños y lesiones cuando ocurre un accidente de coches."
  } ],
  "http://www.w3.org/2000/01/rdf-schema#label" : [ {
    "@language" : "es",
    "@value" : "Seguro De Coche"
  } ],
  "http://www.w3.org/2000/01/rdf-schema#subClassOf" : [ {
    "@id" : "http://www.disit.org/km4city/schema#Insurance"
  }, {
    "@id" : "_:genid89"
  }, {
    "@id" : "_:genid90"
  } ]
}, {
  "@id" : "http://example.org/stelldj#TelephoneNumber",
  "@type" : [ "http://www.w3.org/2002/07/owl#Class" ],
  "http://www.w3.org/2000/01/rdf-schema#comment" : [ {
    "@language" : "es",
    "@value" : "Un número de teléfono (abreviado como: tfno., tlf., teléf. o tel.)​ es una secuencia de dígitos utilizada para identificar una línea telefónica dentro de una red telefónica conmutada (RTC). El número contiene la información necesaria para identificar el punto final de la llamada. Los números de teléfono están a menudo asignados a líneas que tienen conectados dispositivos distintos de un teléfono, tales como faxes y módems. Cada uno de esos puntos de terminación de red tienen que tener un número único en la red para poder realizar una llamada telefónica."
  } ],
  "http://www.w3.org/2000/01/rdf-schema#label" : [ {
    "@language" : "es",
    "@value" : "Número de Teléfono"
  } ],
  "http://www.w3.org/2000/01/rdf-schema#subClassOf" : [ {
    "@id" : "_:genid91"
  } ]
}, {
  "@id" : "http://example.org/stelldj#TieneAltura",
  "@type" : [ "http://www.w3.org/2002/07/owl#DatatypeProperty" ],
  "http://www.w3.org/2000/01/rdf-schema#comment" : [ {
    "@language" : "es",
    "@value" : "Medida del coche considerada verticalmente desde su punto más elevado hasta su base."
  } ],
  "http://www.w3.org/2000/01/rdf-schema#domain" : [ {
    "@id" : "_:genid30"
  } ],
  "http://www.w3.org/2000/01/rdf-schema#label" : [ {
    "@language" : "es",
    "@value" : "tiene altura"
  } ],
  "http://www.w3.org/2000/01/rdf-schema#range" : [ {
    "@id" : "http://www.w3.org/2001/XMLSchema#float"
  } ]
}, {
  "@id" : "http://example.org/stelldj#TieneAnchura",
  "@type" : [ "http://www.w3.org/2002/07/owl#DatatypeProperty" ],
  "http://www.w3.org/2000/01/rdf-schema#comment" : [ {
    "@language" : "es",
    "@value" : "Medida del coche considerada horizontalmente desde un lado al otro."
  } ],
  "http://www.w3.org/2000/01/rdf-schema#domain" : [ {
    "@id" : "_:genid33"
  } ],
  "http://www.w3.org/2000/01/rdf-schema#label" : [ {
    "@language" : "es",
    "@value" : "tiene anchura"
  } ],
  "http://www.w3.org/2000/01/rdf-schema#range" : [ {
    "@id" : "http://www.w3.org/2001/XMLSchema#float"
  } ]
}, {
  "@id" : "http://example.org/stelldj#TieneAutonomiaTotal",
  "@type" : [ "http://www.w3.org/2002/07/owl#DatatypeProperty" ],
  "http://www.w3.org/2000/01/rdf-schema#comment" : [ {
    "@language" : "es",
    "@value" : "Distancia que puede recorrer el vehículo con un depósito completo"
  } ],
  "http://www.w3.org/2000/01/rdf-schema#domain" : [ {
    "@id" : "http://example.org/stelldj#ModeloVendido"
  } ],
  "http://www.w3.org/2000/01/rdf-schema#label" : [ {
    "@language" : "es",
    "@value" : "tiene autonomia total"
  } ],
  "http://www.w3.org/2000/01/rdf-schema#range" : [ {
    "@id" : "http://www.w3.org/2001/XMLSchema#float"
  } ]
}, {
  "@id" : "http://example.org/stelldj#TieneCV",
  "@type" : [ "http://www.w3.org/2002/07/owl#DatatypeProperty" ],
  "http://www.w3.org/2000/01/rdf-schema#comment" : [ {
    "@language" : "es",
    "@value" : "Caballos de vapor (CV) que tiene de potencia del vehículo"
  } ],
  "http://www.w3.org/2000/01/rdf-schema#domain" : [ {
    "@id" : "http://example.org/stelldj#MotorDeCoche"
  } ],
  "http://www.w3.org/2000/01/rdf-schema#label" : [ {
    "@language" : "es",
    "@value" : "Tiene CV"
  } ],
  "http://www.w3.org/2000/01/rdf-schema#range" : [ {
    "@id" : "http://www.w3.org/2001/XMLSchema#integer"
  } ]
}, {
  "@id" : "http://example.org/stelldj#TieneCambio",
  "@type" : [ "http://www.w3.org/2002/07/owl#ObjectProperty" ],
  "http://www.w3.org/2000/01/rdf-schema#comment" : [ {
    "@language" : "es",
    "@value" : "Relación entre la caja de cambios y el ccohe que la posee"
  } ],
  "http://www.w3.org/2000/01/rdf-schema#domain" : [ {
    "@id" : "http://example.org/stelldj#ModeloVendido"
  } ],
  "http://www.w3.org/2000/01/rdf-schema#label" : [ {
    "@language" : "es",
    "@value" : "tiene cambio"
  } ],
  "http://www.w3.org/2000/01/rdf-schema#range" : [ {
    "@id" : "http://example.org/stelldj#CajaDeCambios"
  } ]
}, {
  "@id" : "http://example.org/stelldj#TieneCapacidadMaletero",
  "@type" : [ "http://www.w3.org/2002/07/owl#DatatypeProperty" ],
  "http://www.w3.org/2000/01/rdf-schema#comment" : [ {
    "@language" : "es",
    "@value" : "Volumen que tiene el maletero del vehículo"
  } ],
  "http://www.w3.org/2000/01/rdf-schema#domain" : [ {
    "@id" : "http://example.org/stelldj#ModeloVendido"
  } ],
  "http://www.w3.org/2000/01/rdf-schema#label" : [ {
    "@language" : "es",
    "@value" : "tiene capacidad maletero"
  } ],
  "http://www.w3.org/2000/01/rdf-schema#range" : [ {
    "@id" : "http://www.w3.org/2001/XMLSchema#integer"
  } ]
}, {
  "@id" : "http://example.org/stelldj#TieneDA",
  "@type" : [ "http://www.w3.org/2002/07/owl#ObjectProperty" ],
  "http://www.w3.org/2000/01/rdf-schema#comment" : [ {
    "@language" : "es",
    "@value" : "Relación entre el dispositivo ambiental de un coche y el propio coche"
  } ],
  "http://www.w3.org/2000/01/rdf-schema#domain" : [ {
    "@id" : "http://example.org/stelldj#ModeloVendido"
  } ],
  "http://www.w3.org/2000/01/rdf-schema#label" : [ {
    "@language" : "es",
    "@value" : "Tiene dispositivo ambiental"
  } ],
  "http://www.w3.org/2000/01/rdf-schema#range" : [ {
    "@id" : "http://example.org/stelldj#DispositivoAmbiental"
  } ]
}, {
  "@id" : "http://example.org/stelldj#TieneKV",
  "@type" : [ "http://www.w3.org/2002/07/owl#DatatypeProperty" ],
  "http://www.w3.org/2000/01/rdf-schema#comment" : [ {
    "@language" : "es",
    "@value" : "Kilovatios (KV) que tiene de potencia del vehículo, siendo esta la potencia según el Sistema Internacional de Unidades"
  } ],
  "http://www.w3.org/2000/01/rdf-schema#domain" : [ {
    "@id" : "http://example.org/stelldj#MotorDeCoche"
  } ],
  "http://www.w3.org/2000/01/rdf-schema#label" : [ {
    "@language" : "es",
    "@value" : "tiene KV"
  } ],
  "http://www.w3.org/2000/01/rdf-schema#range" : [ {
    "@id" : "http://www.w3.org/2001/XMLSchema#integer"
  } ]
}, {
  "@id" : "http://example.org/stelldj#TieneLongitud",
  "@type" : [ "http://www.w3.org/2002/07/owl#DatatypeProperty" ],
  "http://www.w3.org/2000/01/rdf-schema#comment" : [ {
    "@language" : "es",
    "@value" : "Medida que expresa la distancia entre dos puntos"
  } ],
  "http://www.w3.org/2000/01/rdf-schema#domain" : [ {
    "@id" : "_:genid36"
  } ],
  "http://www.w3.org/2000/01/rdf-schema#label" : [ {
    "@language" : "es",
    "@value" : "tiene longitud"
  } ],
  "http://www.w3.org/2000/01/rdf-schema#range" : [ {
    "@id" : "http://www.w3.org/2001/XMLSchema#float"
  } ]
}, {
  "@id" : "http://example.org/stelldj#TieneMotor",
  "@type" : [ "http://www.w3.org/2002/07/owl#ObjectProperty" ],
  "http://www.w3.org/2000/01/rdf-schema#comment" : [ {
    "@language" : "es",
    "@value" : "Relación entre el motor de un coche y el propio coche"
  } ],
  "http://www.w3.org/2000/01/rdf-schema#domain" : [ {
    "@id" : "http://example.org/stelldj#ModeloVendido"
  } ],
  "http://www.w3.org/2000/01/rdf-schema#label" : [ {
    "@language" : "es",
    "@value" : "Tiene motor"
  } ],
  "http://www.w3.org/2000/01/rdf-schema#range" : [ {
    "@id" : "http://example.org/stelldj#MotorDeCoche"
  } ]
}, {
  "@id" : "http://example.org/stelldj#TieneNumero",
  "@type" : [ "http://www.w3.org/2002/07/owl#ObjectProperty", "http://www.w3.org/2002/07/owl#FunctionalProperty" ],
  "http://www.w3.org/2000/01/rdf-schema#comment" : [ {
    "@language" : "es",
    "@value" : "Relación entre el número de teléfono de una persona o entidad y la propia persona o entidad"
  } ],
  "http://www.w3.org/2000/01/rdf-schema#domain" : [ {
    "@id" : "_:genid13"
  } ],
  "http://www.w3.org/2000/01/rdf-schema#label" : [ {
    "@language" : "es",
    "@value" : "Tiene numero"
  } ],
  "http://www.w3.org/2000/01/rdf-schema#range" : [ {
    "@id" : "http://example.org/stelldj#TelephoneNumber"
  } ]
}, {
  "@id" : "http://example.org/stelldj#TienePaginaWeb",
  "@type" : [ "http://www.w3.org/2002/07/owl#DatatypeProperty" ],
  "http://www.w3.org/2000/01/rdf-schema#comment" : [ {
    "@language" : "es",
    "@value" : "URL a la página web de referencia"
  } ],
  "http://www.w3.org/2000/01/rdf-schema#domain" : [ {
    "@id" : "_:genid39"
  } ],
  "http://www.w3.org/2000/01/rdf-schema#label" : [ {
    "@language" : "es",
    "@value" : "tiene pagina web"
  } ],
  "http://www.w3.org/2000/01/rdf-schema#range" : [ {
    "@id" : "http://www.w3.org/2001/XMLSchema#anyURI"
  } ]
}, {
  "@id" : "http://example.org/stelldj#TieneParMaximo",
  "@type" : [ "http://www.w3.org/2002/07/owl#DatatypeProperty" ],
  "http://www.w3.org/2000/01/rdf-schema#comment" : [ {
    "@language" : "es",
    "@value" : "Fuerza que el motor es capaz de transmitir en un régimen de giro sobre un eje de transmisión"
  } ],
  "http://www.w3.org/2000/01/rdf-schema#domain" : [ {
    "@id" : "http://example.org/stelldj#MotorDeCoche"
  } ],
  "http://www.w3.org/2000/01/rdf-schema#label" : [ {
    "@language" : "es",
    "@value" : "tiene par maximo"
  } ],
  "http://www.w3.org/2000/01/rdf-schema#range" : [ {
    "@id" : "http://www.w3.org/2001/XMLSchema#integer"
  } ]
}, {
  "@id" : "http://example.org/stelldj#TienePlazas",
  "@type" : [ "http://www.w3.org/2002/07/owl#DatatypeProperty" ],
  "http://www.w3.org/2000/01/rdf-schema#comment" : [ {
    "@language" : "es",
    "@value" : "Número de asientos del vehículo"
  } ],
  "http://www.w3.org/2000/01/rdf-schema#domain" : [ {
    "@id" : "http://example.org/stelldj#ModeloVendido"
  } ],
  "http://www.w3.org/2000/01/rdf-schema#label" : [ {
    "@language" : "es",
    "@value" : "tiene plazas"
  } ],
  "http://www.w3.org/2000/01/rdf-schema#range" : [ {
    "@id" : "http://www.w3.org/2001/XMLSchema#integer"
  } ]
}, {
  "@id" : "http://example.org/stelldj#TieneRuedas",
  "@type" : [ "http://www.w3.org/2002/07/owl#ObjectProperty" ],
  "http://www.w3.org/2000/01/rdf-schema#comment" : [ {
    "@language" : "es",
    "@value" : "Relación entre las ruedas de un coche y el propio coche"
  } ],
  "http://www.w3.org/2000/01/rdf-schema#domain" : [ {
    "@id" : "http://example.org/stelldj#ModeloVendido"
  } ],
  "http://www.w3.org/2000/01/rdf-schema#label" : [ {
    "@language" : "es",
    "@value" : "Tiene ruedas"
  } ],
  "http://www.w3.org/2000/01/rdf-schema#range" : [ {
    "@id" : "http://example.org/stelldj#Rueda"
  } ]
}, {
  "@id" : "http://example.org/stelldj#TieneTraccion",
  "@type" : [ "http://www.w3.org/2002/07/owl#ObjectProperty" ],
  "http://www.w3.org/2000/01/rdf-schema#comment" : [ {
    "@language" : "es",
    "@value" : "Relación entre la tracción de un coche y el coche"
  } ],
  "http://www.w3.org/2000/01/rdf-schema#domain" : [ {
    "@id" : "http://example.org/stelldj#ModeloVendido"
  } ],
  "http://www.w3.org/2000/01/rdf-schema#label" : [ {
    "@language" : "es",
    "@value" : "Tiene traccion"
  } ],
  "http://www.w3.org/2000/01/rdf-schema#range" : [ {
    "@id" : "http://example.org/stelldj#Traccion"
  } ]
}, {
  "@id" : "http://example.org/stelldj#TieneVelocidadMaxima",
  "@type" : [ "http://www.w3.org/2002/07/owl#DatatypeProperty" ],
  "http://www.w3.org/2000/01/rdf-schema#comment" : [ {
    "@language" : "es",
    "@value" : "Máximo cantidad de espacio por unidad de tiempo capaz de ser recorrida por el vehículo"
  } ],
  "http://www.w3.org/2000/01/rdf-schema#domain" : [ {
    "@id" : "http://example.org/stelldj#ModeloVendido"
  } ],
  "http://www.w3.org/2000/01/rdf-schema#label" : [ {
    "@language" : "es",
    "@value" : "tiene velocidad maxima"
  } ],
  "http://www.w3.org/2000/01/rdf-schema#range" : [ {
    "@id" : "http://www.w3.org/2001/XMLSchema#integer"
  } ]
}, {
  "@id" : "http://example.org/stelldj#Traccion",
  "@type" : [ "http://www.w3.org/2002/07/owl#Class" ],
  "http://www.w3.org/2000/01/rdf-schema#comment" : [ {
    "@language" : "es",
    "@value" : "Fuerza que permite al automóvil avanzar sin resbalar"
  } ],
  "http://www.w3.org/2000/01/rdf-schema#label" : [ {
    "@language" : "es",
    "@value" : "Tracción de coche"
  } ]
}, {
  "@id" : "http://example.org/stelldj#Traccion4x4",
  "@type" : [ "http://www.w3.org/2002/07/owl#Class" ],
  "http://www.w3.org/2000/01/rdf-schema#comment" : [ {
    "@language" : "es",
    "@value" : "La tracción en las cuatro ruedas, doble tracción, tracción integral o tracción total son expresiones comúnmente usadas para referirse a vehículos de turismo, todocamino y todoterreno de dos ejes. Generalmente abreviada como 4×4, o 4WD (4 Wheel Drive) y AWD (All Wheel Drive) en los países anglosajones, es un sistema de transmisión en un automóvil en el que ambos ejes pueden recibir simultáneamente la potencia del motor.​ La mayoría de los automóviles todoterreno y camionetas tienen tracción en las cuatro ruedas, y también algunos turismos y deportivos de alta gama"
  } ],
  "http://www.w3.org/2000/01/rdf-schema#label" : [ {
    "@language" : "es",
    "@value" : "Traccion4x4"
  }, {
    "@language" : "es",
    "@value" : "Tracción a las cuatro ruedas"
  }, {
    "@language" : "es",
    "@value" : "Tracción integral"
  } ],
  "http://www.w3.org/2000/01/rdf-schema#subClassOf" : [ {
    "@id" : "http://example.org/stelldj#Traccion"
  } ]
}, {
  "@id" : "http://example.org/stelldj#TraccionFrontal",
  "@type" : [ "http://www.w3.org/2002/07/owl#Class" ],
  "http://www.w3.org/2000/01/rdf-schema#comment" : [ {
    "@language" : "es",
    "@value" : "La tracción delantera (abreviada como FWD por sus siglas en inglés; en idiomas como el francés se utiliza simplemente la palabra \"traction\" para referirse a que la impulsión se halla en el eje delantero, y \"propulsión\" para denominar a la tracción trasera) es el sistema en el que el par motor se transmite solo al eje delantero. Es el mismo eje en el cual se suele encontrar la dirección del vehículo. La mayoría de los vehículos de tracción delantera incorporan el diferencial en la estructura de la caja de cambios."
  } ],
  "http://www.w3.org/2000/01/rdf-schema#label" : [ {
    "@language" : "es",
    "@value" : "Tracción Delantera"
  }, {
    "@value" : "Traccion Frontal"
  } ],
  "http://www.w3.org/2000/01/rdf-schema#subClassOf" : [ {
    "@id" : "http://example.org/stelldj#Traccion"
  } ]
}, {
  "@id" : "http://example.org/stelldj#TraccionTrasera",
  "@type" : [ "http://www.w3.org/2002/07/owl#Class" ],
  "http://www.w3.org/2000/01/rdf-schema#comment" : [ {
    "@language" : "es",
    "@value" : "La tracción trasera o propulsión trasera​ (abreviada como \"RWD\" por sus siglas en inglés) es el sistema en el que la transmisión del movimiento del motor de un vehículo se realiza sobre el eje trasero."
  } ],
  "http://www.w3.org/2000/01/rdf-schema#label" : [ {
    "@language" : "es",
    "@value" : "Tracción Trasera"
  } ],
  "http://www.w3.org/2000/01/rdf-schema#subClassOf" : [ {
    "@id" : "http://example.org/stelldj#Traccion"
  } ]
}, {
  "@id" : "http://example.org/stelldj#hasName",
  "@type" : [ "http://www.w3.org/2002/07/owl#DatatypeProperty" ],
  "http://www.w3.org/2000/01/rdf-schema#comment" : [ {
    "@language" : "es",
    "@value" : "Nombre del comprador"
  } ],
  "http://www.w3.org/2000/01/rdf-schema#domain" : [ {
    "@id" : "http://example.org/stelldj#Comprador"
  } ],
  "http://www.w3.org/2000/01/rdf-schema#label" : [ {
    "@language" : "es",
    "@value" : "Tiene nombre"
  }, {
    "@language" : "en",
    "@value" : "has name"
  } ],
  "http://www.w3.org/2000/01/rdf-schema#range" : [ {
    "@id" : "http://www.w3.org/2001/XMLSchema#string"
  } ]
}, {
  "@id" : "http://purl.org/dc/elements/1.1/creator",
  "@type" : [ "http://www.w3.org/2002/07/owl#AnnotationProperty" ]
}, {
  "@id" : "http://purl.org/dc/elements/1.1/title",
  "@type" : [ "http://www.w3.org/2002/07/owl#AnnotationProperty" ]
}, {
  "@id" : "http://purl.org/dc/terms/license",
  "@type" : [ "http://www.w3.org/2002/07/owl#AnnotationProperty" ]
}, {
  "@id" : "http://purl.org/dc/terms/references",
  "@type" : [ "http://www.w3.org/2002/07/owl#AnnotationProperty" ]
}, {
  "@id" : "http://purl.org/holy/ns#Car",
  "@type" : [ "http://www.w3.org/2002/07/owl#Class" ],
  "http://purl.org/dc/terms/references" : [ {
    "@id" : "https://dictionary.cambridge.org/dictionary/english/car"
  } ],
  "http://www.w3.org/2000/01/rdf-schema#comment" : [ {
    "@language" : "es",
    "@value" : "El cochel (también conocido como auto, coche o carro en algunos países hispanoamericanos) es un vehículo motorizado con ruedas utilizado para el transporte. Está compuesto por diversas partes, como motor, chasis, tipo de carrocería y sistemas de dirección, frenos y suspensión. La mayoría de las definiciones de automóvil hacen referencia a los vehículos que circulan principalmente por las carreteras, con capacidad de una a ocho personas. Cuentan con cuatro neumáticos y transportan principalmente a personas, antes que mercancías."
  } ],
  "http://www.w3.org/2000/01/rdf-schema#isDefinedBy" : [ {
    "@value" : "http://schema.org/"
  } ],
  "http://www.w3.org/2000/01/rdf-schema#label" : [ {
    "@language" : "en",
    "@value" : "Car"
  }, {
    "@language" : "es",
    "@value" : "Coche"
  } ],
  "https://wordnet-rdf.princeton.edu/ontology#hyponym" : [ {
    "@language" : "en",
    "@value" : "Convertible"
  }, {
    "@language" : "en",
    "@value" : "Coupe"
  }, {
    "@language" : "en",
    "@value" : "Coupé"
  }, {
    "@language" : "en",
    "@value" : "Electric SUV"
  }, {
    "@language" : "en",
    "@value" : "Electric passenger vehicle"
  }, {
    "@language" : "en",
    "@value" : "Hybrid Range Extender"
  }, {
    "@language" : "en",
    "@value" : "Hybrid Vehicle"
  }, {
    "@language" : "en",
    "@value" : "Hydrogen SUV"
  }, {
    "@language" : "en",
    "@value" : "Jeep"
  }, {
    "@language" : "en",
    "@value" : "Limousine"
  }, {
    "@language" : "en",
    "@value" : "Passenger Car"
  }, {
    "@language" : "en",
    "@value" : "Passenger Vehicle"
  }, {
    "@language" : "en",
    "@value" : "SUV"
  }, {
    "@language" : "en",
    "@value" : "Station Wagon"
  } ]
}, {
  "@id" : "http://purl.org/holy/ns#FossilFuel",
  "@type" : [ "http://www.w3.org/2002/07/owl#Class" ],
  "http://www.w3.org/2000/01/rdf-schema#comment" : [ {
    "@language" : "en",
    "@value" : "The subclass \"FossilFuel\" could be expanded to focus the domain scope to the creation of hydrogen concerning the value chain."
  }, {
    "@language" : "es",
    "@value" : "Un combustible fósil es aquel que procede de la biomasa producida en eras pasadas, que ha sufrido enterramiento y tras él, procesos de transformación, por aumento de presión y temperatura, hasta la formación de sustancias de gran contenido energético, como el carbón, el petróleo, o el gas natural. Al no ser energía renovable, no se considera como energía de la biomasa, aunque su origen sea orgánico o de biomasa.1​"
  } ],
  "http://www.w3.org/2000/01/rdf-schema#label" : [ {
    "@language" : "es",
    "@value" : "Combustible fósil"
  }, {
    "@language" : "en",
    "@value" : "Fossil Fuel"
  } ]
}, {
  "@id" : "http://schema.org/price",
  "@type" : [ "http://www.w3.org/2002/07/owl#DatatypeProperty" ],
  "http://www.w3.org/2000/01/rdf-schema#comment" : [ {
    "@language" : "es",
    "@value" : "El precio de oferta de un producto, o de un componente del precio cuando se adjunta a PriceSpecification y sus subtipos."
  }, {
    "@language" : "en",
    "@value" : "The offer price of a product, or of a price component when attached to PriceSpecification and its subtypes."
  } ],
  "http://www.w3.org/2000/01/rdf-schema#domain" : [ {
    "@id" : "http://example.org/stelldj#SeguroDeCoche"
  } ],
  "http://www.w3.org/2000/01/rdf-schema#isDefinedBy" : [ {
    "@id" : "http://dbpedia.org/ontology/"
  } ],
  "http://www.w3.org/2000/01/rdf-schema#label" : [ {
    "@language" : "en",
    "@value" : "price"
  } ],
  "http://www.w3.org/2000/01/rdf-schema#range" : [ {
    "@id" : "http://www.w3.org/2001/XMLSchema#float"
  } ]
}, {
  "@id" : "http://www.disit.org/km4city/schema#Insurance",
  "@type" : [ "http://www.w3.org/2002/07/owl#Class" ],
  "http://www.w3.org/2000/01/rdf-schema#comment" : [ {
    "@language" : "it",
    "@value" : "Le istanze di questa classe rappresentano, tra tutte le attività d'impresa, talune attività di assicurazioni, agenti, sub-agenti, broker e altri intermediari, anche ai fini dell'apertura di fondi pensione e di assicurazioni sulla vita."
  }, {
    "@language" : "en",
    "@value" : "The instances of this class include, among all business activities, certain insurance, agents, sub agents, brokers and other intermediaries, including for the purpose of opening pension funds and life insurance."
  }, {
    "@language" : "es",
    "@value" : "Un seguro o aseguración1​es un contrato, denominado póliza de seguro, por el que una Compañía de Seguros (el asegurador) se compromete, mediante el cobro de una prima y para el caso de que se produzca el evento cuyo riesgo es objeto de cobertura a indemnizar, dentro de los límites pactados, el daño producido al asegurado; bien a través de un capital, una renta, o a través de la prestación de un servicio. En este contrato intervienen: el asegurador, que siempre ha de ser una compañía de seguros, que es la entidad responsable de la cobertura en caso de siniestro; el asegurado, propietario de la póliza de seguro y responsable del pago de la prima correspondiente; y el beneficiario, que es la persona que cobrará la indemnización correspondiente en caso de siniestro. No siempre estas tres figuras han de ser la misma persona pudiendo ser todos distintos."
  } ],
  "http://www.w3.org/2000/01/rdf-schema#label" : [ {
    "@language" : "it",
    "@value" : "Assicurazione"
  }, {
    "@language" : "en",
    "@value" : "Insurance"
  }, {
    "@language" : "es",
    "@value" : "Seguro"
  } ]
}, {
  "@id" : "http://www.owl-ontologies.com/dco#isLocatedAt",
  "@type" : [ "http://www.w3.org/2002/07/owl#ObjectProperty" ],
  "http://www.w3.org/2000/01/rdf-schema#comment" : [ {
    "@language" : "es",
    "@value" : "Posición o punto geográfico en el que se encuentra un determinado lugar, comercio u objeto"
  } ],
  "http://www.w3.org/2000/01/rdf-schema#domain" : [ {
    "@id" : "http://example.org/stelldj#Concesionario"
  } ],
  "http://www.w3.org/2000/01/rdf-schema#label" : [ {
    "@language" : "es",
    "@value" : "Está localizado en"
  }, {
    "@language" : "en",
    "@value" : "is located at"
  } ],
  "http://www.w3.org/2000/01/rdf-schema#range" : [ {
    "@id" : "http://dbpedia.org/ontology/City"
  } ]
}, {
  "@id" : "http://www.owl-ontologies.com/s4envi#hasColor",
  "@type" : [ "http://www.w3.org/2002/07/owl#DatatypeProperty" ],
  "http://www.w3.org/2000/01/rdf-schema#comment" : [ {
    "@language" : "en",
    "@value" : "A relation between a light emitted and its color."
  }, {
    "@language" : "es",
    "@value" : "Una relación entre la luz emitida y su color."
  } ],
  "http://www.w3.org/2000/01/rdf-schema#domain" : [ {
    "@id" : "http://example.org/stelldj#ModeloVendido"
  } ],
  "http://www.w3.org/2000/01/rdf-schema#label" : [ {
    "@language" : "es",
    "@value" : "Tiene color"
  }, {
    "@language" : "en",
    "@value" : "has color"
  } ],
  "http://www.w3.org/2000/01/rdf-schema#range" : [ {
    "@id" : "http://www.w3.org/2001/XMLSchema#string"
  } ]
}, {
  "@id" : "http://www.owl-ontologies.com/saref#hasValue",
  "@type" : [ "http://www.w3.org/2002/07/owl#DatatypeProperty" ],
  "http://www.w3.org/2000/01/rdf-schema#comment" : [ {
    "@language" : "es",
    "@value" : "Valor de una propiedad expresado como un literal RDF. Tenga en cuenta que, aunque se esperen valores decimales, los valores podrían utilizar otros tipos de datos."
  }, {
    "@language" : "en",
    "@value" : "Value of a property value expressed as an RDF literal. Note that, even if decimal values are expected, values could use other datatypes."
  } ],
  "http://www.w3.org/2000/01/rdf-schema#domain" : [ {
    "@id" : "http://example.org/stelldj#TelephoneNumber"
  } ],
  "http://www.w3.org/2000/01/rdf-schema#label" : [ {
    "@language" : "es",
    "@value" : "Tiene valor"
  }, {
    "@language" : "en",
    "@value" : "has value"
  } ],
  "http://www.w3.org/2000/01/rdf-schema#range" : [ {
    "@id" : "http://www.w3.org/2001/XMLSchema#integer"
  } ]
}, {
  "@id" : "http://www.w3.org/2002/07/owl#versionInfo",
  "@type" : [ "http://www.w3.org/2002/07/owl#AnnotationProperty" ]
}, {
  "@id" : "http://www.w3.org/2003/06/sw-vocab-status/ns#term_status",
  "@type" : [ "http://www.w3.org/2002/07/owl#AnnotationProperty" ]
}, {
  "@id" : "http://www.w3.org/2004/02/skos/core#altLabel",
  "@type" : [ "http://www.w3.org/2002/07/owl#AnnotationProperty" ]
}, {
  "@id" : "http://www.w3.org/2004/02/skos/core#definition",
  "@type" : [ "http://www.w3.org/2002/07/owl#AnnotationProperty" ]
}, {
  "@id" : "http://www.w3.org/2004/02/skos/core#example",
  "@type" : [ "http://www.w3.org/2002/07/owl#AnnotationProperty" ]
}, {
  "@id" : "http://www.w3.org/2004/02/skos/core#hiddenLabel",
  "@type" : [ "http://www.w3.org/2002/07/owl#AnnotationProperty" ]
}, {
  "@id" : "http://www.w3.org/ns/prov#hadPrimarySource",
  "@type" : [ "http://www.w3.org/2002/07/owl#AnnotationProperty" ]
}, {
  "@id" : "http://xmlns.com/foaf/0.1/Person",
  "@type" : [ "http://www.w3.org/2002/07/owl#Class" ],
  "http://www.w3.org/2000/01/rdf-schema#comment" : [ {
    "@language" : "en",
    "@value" : "A person."
  }, {
    "@language" : "es",
    "@value" : "Individuo de la especie humana."
  } ],
  "http://www.w3.org/2000/01/rdf-schema#isDefinedBy" : [ {
    "@id" : "http://xmlns.com/foaf/0.1/"
  } ],
  "http://www.w3.org/2000/01/rdf-schema#label" : [ {
    "@language" : "en",
    "@value" : "Person"
  }, {
    "@language" : "es",
    "@value" : "Persona"
  }, {
    "@value" : "person"
  } ],
  "http://www.w3.org/2003/06/sw-vocab-status/ns#term_status" : [ {
    "@value" : "stable"
  } ]
}, {
  "@id" : "https://saref.etsi.org/saref4bldg/EnergyConversionDevice",
  "@type" : [ "http://www.w3.org/2002/07/owl#Class" ],
  "http://www.w3.org/2000/01/rdf-schema#comment" : [ {
    "@language" : "es",
    "@value" : "El dispositivo de conversión energética define la aparición de un dispositivo utilizado para realizar la conversión de energía o la transferencia de calor y que normalmente participa en un sistema de distribución de flujo."
  }, {
    "@language" : "en",
    "@value" : "The distribution flow element EnergyConversionDevice defines the occurrence of a device used to perform energy conversion or heat transfer and typically participates in a flow distribution system."
  } ],
  "http://www.w3.org/2000/01/rdf-schema#label" : [ {
    "@language" : "es",
    "@value" : "Dispositivo de conversión energética"
  }, {
    "@language" : "en",
    "@value" : "Energy conversion device"
  } ]
}, {
  "@id" : "https://saref.etsi.org/saref4bldg/Engine",
  "@type" : [ "http://www.w3.org/2002/07/owl#Class" ],
  "http://www.w3.org/2000/01/rdf-schema#comment" : [ {
    "@language" : "en",
    "@value" : "An engine is a device that converts fuel into mechanical energy through combustion."
  }, {
    "@language" : "es",
    "@value" : "Un motor es un dispositivo que convierte el combustible en energía mecánica mediante la combustión."
  } ],
  "http://www.w3.org/2000/01/rdf-schema#label" : [ {
    "@language" : "en",
    "@value" : "Engine"
  }, {
    "@language" : "es",
    "@value" : "Motor"
  } ],
  "http://www.w3.org/2000/01/rdf-schema#seeAlso" : [ {
    "@value" : "https://w3id.org/ifc/IFC4_ADD1#IfcEngine"
  } ],
  "http://www.w3.org/2000/01/rdf-schema#subClassOf" : [ {
    "@id" : "https://saref.etsi.org/saref4bldg/EnergyConversionDevice"
  } ],
  "http://www.w3.org/ns/prov#hadPrimarySource" : [ {
    "@id" : "http://www.buildingsmart-tech.org/ifc/IFC4/Add1/html/schema/ifchvacdomain/lexical/ifcengine.htm"
  }, {
    "@id" : "http://www.buildingsmart-tech.org/ifc/IFC4/Add1/html/schema/ifchvacdomain/pset/pset_enginetypecommon.htm"
  } ]
}, {
  "@id" : "https://w3id.org/EUTaxO#belongsTo",
  "@type" : [ "http://www.w3.org/2002/07/owl#ObjectProperty", "http://www.w3.org/2002/07/owl#TransitiveProperty" ],
  "http://www.w3.org/2000/01/rdf-schema#comment" : [ {
    "@value" : "Defines a hierarchy from more generic taxa, to more specific ones"
  } ],
  "http://www.w3.org/2000/01/rdf-schema#domain" : [ {
    "@id" : "_:genid16"
  } ],
  "http://www.w3.org/2000/01/rdf-schema#label" : [ {
    "@language" : "es",
    "@value" : "Pertenece a"
  }, {
    "@language" : "en",
    "@value" : "belongsTo"
  } ],
  "http://www.w3.org/2000/01/rdf-schema#range" : [ {
    "@id" : "_:genid20"
  } ]
}, {
  "@id" : "https://w3id.org/mod#createdWith",
  "@type" : [ "http://www.w3.org/2002/07/owl#AnnotationProperty" ]
}, {
  "@id" : "https://w3id.org/timebank#Electricity",
  "@type" : [ "http://www.w3.org/2002/07/owl#Class" ],
  "http://www.w3.org/2000/01/rdf-schema#comment" : [ {
    "@language" : "en",
    "@value" : "Electric outlet available."
  }, {
    "@language" : "es",
    "@value" : "Flujo de electrones que circula por un conductor en un determinado momento. Se mide en amperios."
  } ],
  "http://www.w3.org/2000/01/rdf-schema#isDefinedBy" : [ {
    "@id" : "https://w3id.org/timebank"
  } ],
  "http://www.w3.org/2000/01/rdf-schema#label" : [ {
    "@language" : "es",
    "@value" : "Electricidad"
  }, {
    "@language" : "en",
    "@value" : "Electricity"
  } ]
}, {
  "@id" : "https://wordnet-rdf.princeton.edu/ontology#hyponym",
  "@type" : [ "http://www.w3.org/2002/07/owl#AnnotationProperty" ]
} ]